,copies_available,film_id,title,_merge
0,1,53,BANG KWAI,left_only
1,1,102,BUBBLE GROSSE,left_only
2,1,178,CONNECTION MICROCOSMOS,left_only
3,1,264,DWARFS ALTER,left_only
4,1,375,GRAIL FRANKENSTEIN,left_only
5,1,399,HAPPINESS UNITED,left_only
6,1,405,HAUNTED ANTITRUST,left_only
7,1,605,MULHOLLAND BEAST,left_only
8,1,935,VANISHED GARDEN,left_only
9,1,974,WILD APOLLO,left_only
10,1,990,WORLD LEATHERNECKS,left_only
11,1,998,ZHIVAGO CORE,left_only
12,2,2,ACE GOLDFINGER,left_only
13,2,5,AFRICAN EGG,left_only
14,2,29,ANTITRUST TOMATOES,left_only
15,2,30,ANYTHING SAVANNAH,left_only
16,2,32,APOCALYPSE FLAMINGOS,left_only
17,2,47,BABY HALL,left_only
18,2,52,BALLROOM MOCKINGBIRD,left_only
19,2,62,BED HIGHBALL,left_only
20,2,82,BLOOD ARGONAUTS,left_only
21,2,94,BRAVEHEART HUMAN,left_only
22,2,106,BULWORTH COMMANDMENTS,left_only
23,2,107,BUNCH MINDS,left_only
24,2,125,CASSIDY WYOMING,left_only
25,2,146,CHITTY LOCK,left_only
26,2,156,CLERKS ANGELS,left_only
27,2,161,CLUE GRAIL,left_only
28,2,168,COMANCHEROS ENEMY,left_only
29,2,180,CONSPIRACY SPIRIT,left_only
30,2,182,CONTROL ANTHEM,left_only
31,2,185,COWBOY DOOM,left_only
32,2,196,CRUELTY UNFORGIVEN,left_only
33,2,197,CRUSADE HONEY,left_only
34,2,205,DANCES NONE,left_only
35,2,211,DARLING BREAKING,left_only
36,2,223,DESIRE ALIEN,left_only
37,2,224,DESPERATE TRAINSPOTTING,left_only
38,2,230,DIARY PANIC,left_only
39,2,237,DIVORCE SHINING,left_only
40,2,238,DOCTOR GRAIL,left_only
41,2,248,DOZEN LION,left_only
42,2,259,DUCK RACER,left_only
43,2,261,DUFFEL APOCALYPSE,left_only
44,2,262,DUMBO LUST,left_only
45,2,268,EARLY HOME,left_only
46,2,278,ELF MURDER,left_only
47,2,279,ELIZABETH SHANE,left_only
48,2,289,EVE RESURRECTION,left_only
49,2,297,EXTRAORDINARY CONQUERER,left_only
50,2,310,FEVER EMPIRE,left_only
51,2,316,FIRE WOLVES,left_only
52,2,335,FREEDOM CLEOPATRA,left_only
53,2,338,FRISCO FORREST,left_only
54,2,340,FRONTIER CABIN,left_only
55,2,343,FULL FLATLINERS,left_only
56,2,355,GHOSTBUSTERS ELF,left_only
57,2,362,GLORY TRACY,left_only
58,2,368,GONE TROUBLE,left_only
59,2,372,GRACELAND DYNAMITE,left_only
60,2,393,HALLOWEEN NUTS,left_only
61,2,400,HARDLY ROBBERS,left_only
62,2,401,HAROLD FRENCH,left_only
63,2,407,HAWK CHILL,left_only
64,2,411,HEAVENLY GUN,left_only
65,2,422,HOLLOW JEOPARDY,left_only
66,2,425,HOLY TADPOLE,left_only
67,2,435,HOTEL HAPPINESS,left_only
68,2,441,HUNTER ALTER,left_only
69,2,454,IMPACT ALADDIN,left_only
70,2,459,INFORMER DOUBLE,left_only
71,2,466,INTOLERABLE INTENTIONS,left_only
72,2,470,ISHTAR ROCKETEER,left_only
73,2,472,ITALIAN AFRICAN,left_only
74,2,475,JAPANESE RUN,left_only
75,2,490,JUMANJI BLADE,left_only
76,2,492,JUNGLE CLOSER,left_only
77,2,498,KILLER INNOCENT,left_only
78,2,499,KING EVOLUTION,left_only
79,2,507,LADYBUGS ARMAGEDDON,left_only
80,2,513,LEATHERNECKS DWARFS,left_only
81,2,515,LEGALLY SECRETARY,left_only
82,2,517,LESSON CLEOPATRA,left_only
83,2,520,LICENSE WEEKEND,left_only
84,2,522,LIFE TWISTED,left_only
85,2,523,LIGHTS DEER,left_only
86,2,530,LORD ARIZONA,left_only
87,2,539,LUCK OPUS,left_only
88,2,541,LUKE MUMMY,left_only
89,2,543,MADIGAN DORADO,left_only
90,2,547,MAGIC MALLRATS,left_only
91,2,548,MAGNIFICENT CHITTY,left_only
92,2,558,MANNEQUIN WORST,left_only
93,2,565,MATRIX SNOWMAN,left_only
94,2,566,MAUDE MOD,left_only
95,2,569,MENAGERIE RUSHMORE,left_only
96,2,581,MINORITY KISS,left_only
97,2,582,MIRACLE VIRTUAL,left_only
98,2,584,MIXED DOORS,left_only
99,2,604,MULAN MOON,left_only
100,2,612,MUSSOLINI SPOILERS,left_only
101,2,613,MYSTIC TRUMAN,left_only
102,2,622,NEWSIES STORY,left_only
103,2,635,OKLAHOMA JUMANJI,left_only
104,2,639,OPPOSITE NECKLACE,left_only
105,2,653,PANIC CLUB,left_only
106,2,656,PAPI NECKLACE,left_only
107,2,659,PARK CITIZEN,left_only
108,2,675,PHANTOM GLORY,left_only
109,2,684,PIZZA JUMANJI,left_only
110,2,685,PLATOON INSTINCT,left_only
111,2,695,PRESIDENT BANG,left_only
112,2,699,PRIVATE DROP,left_only
113,2,703,PUNK DIVORCE,left_only
114,2,718,REBEL AIRPORT,left_only
115,2,719,RECORDS ZORRO,left_only
116,2,721,REDS POCUS,left_only
117,2,751,RUNAWAY TENENBAUMS,left_only
118,2,754,RUSHMORE MERMAID,left_only
119,2,769,SCHOOL JACKET,left_only
120,2,779,SENSE GREEK,left_only
121,2,781,SEVEN SWARM,left_only
122,2,792,SHREK LICENSE,left_only
123,2,799,SIMON NORTH,left_only
124,2,808,SLING LUKE,left_only
125,2,817,SOLDIERS EVOLUTION,left_only
126,2,819,SONG HEDWIG,left_only
127,2,822,SOUP WISDOM,left_only
128,2,826,SPEED SUIT,left_only
129,2,839,STALLION SUNDANCE,left_only
130,2,866,SUNSET RACER,left_only
131,2,876,TARZAN VIDEOTAPE,left_only
132,2,883,TEQUILA PAST,left_only
133,2,885,TEXAS WATCH,left_only
134,2,903,TRAFFIC HOBBIT,left_only
135,2,904,TRAIN BUNCH,left_only
136,2,910,TREATMENT JEKYLL,left_only
137,2,926,UNTOUCHABLES SUNRISE,left_only
138,2,947,VISION TORQUE,left_only
139,2,959,WARLOCK WEREWOLF,left_only
140,2,965,WATERSHIP FRONTIER,left_only
141,2,977,WINDOW SIDE,left_only
142,2,984,WONDERFUL DROP,left_only
143,2,996,YOUNG LANGUAGE,left_only
144,2,997,YOUTH KICK,left_only
145,3,13,ALI FOREVER,left_only
146,3,20,AMELIE HELLFIGHTERS,left_only
147,3,28,ANTHEM LUKE,left_only
148,3,46,AUTUMN CROW,left_only
149,3,60,BEAST HUNCHBACK,left_only
150,3,64,BEETHOVEN EXORCIST,left_only
151,3,66,BENEATH RUSH,left_only
152,3,75,BIRD INDEPENDENCE,left_only
153,3,76,BIRDCAGE CASPER,left_only
154,3,80,BLANKET BEVERLY,left_only
155,3,93,BRANNIGAN SUNRISE,left_only
156,3,96,BREAKING HOME,left_only
157,3,98,BRIGHT ENCOUNTERS,left_only
158,3,104,BUGSY SONG,left_only
159,3,120,CARIBBEAN LIBERTY,left_only
160,3,124,CASPER DRAGONFLY,left_only
161,3,126,CASUALTIES ENCINO,left_only
162,3,133,CHAMBER ITALIAN,left_only
163,3,134,CHAMPION FLATLINERS,left_only
164,3,136,CHAPLIN LICENSE,left_only
165,3,145,CHISUM BEHAVIOR,left_only
166,3,151,CINCINATTI WHISPERER,left_only
167,3,157,CLOCKWORK PARADISE,left_only
168,3,160,CLUB GRAFFITI,left_only
169,3,163,CLYDE THEORY,left_only
170,3,177,CONNECTICUT TRAMP,left_only
171,3,187,CRANES RESERVOIR,left_only
172,3,188,CRAZY HOME,left_only
173,3,201,CYCLONE FAMILY,left_only
174,3,202,DADDY PITTSBURGH,left_only
175,3,208,DARES PLUTO,left_only
176,3,210,DARKO DORADO,left_only
177,3,219,DEEP CRUSADE,left_only
178,3,225,DESTINATION JERK,left_only
179,3,229,DEVIL DESIRE,left_only
180,3,236,DIVINE RESURRECTION,left_only
181,3,240,DOLLS RAGE,left_only
182,3,246,DOUBTFIRE LABYRINTH,left_only
183,3,256,DROP WATERFRONT,left_only
184,3,257,DRUMLINE CYCLONE,left_only
185,3,277,ELEPHANT TROJAN,left_only
186,3,283,ENDING CROWDS,left_only
187,3,290,EVERYONE CRAFT,left_only
188,3,306,FEATHERS METAL,left_only
189,3,312,FIDDLER LOST,left_only
190,3,315,FINDING ANACONDA,left_only
191,3,337,FRIDA SLIPPER,left_only
192,3,339,FROGMEN BREAKING,left_only
193,3,364,GODFATHER DIARY,left_only
194,3,371,GOSFORD DONNIE,left_only
195,3,384,GROSSE WONDERFUL,left_only
196,3,390,GUYS FALCON,left_only
197,3,413,HEDWIG ALTER,left_only
198,3,426,HOME PITY,left_only
199,3,431,HOOSIERS BIRDCAGE,left_only
200,3,440,HUNGER ROOF,left_only
201,3,442,HUNTING MUSKETEERS,left_only
202,3,462,INSIDER ARIZONA,left_only
203,3,469,IRON MOON,left_only
204,3,477,JAWBREAKER BROOKLYN,left_only
205,3,482,JEOPARDY ENCINO,left_only
206,3,485,JERSEY SASSY,left_only
207,3,487,JINGLE SAGEBRUSH,left_only
208,3,493,KANE EXORCIST,left_only
209,3,503,KRAMER CHOCOLATE,left_only
210,3,508,LAMBS CINCINATTI,left_only
211,3,509,LANGUAGE COWBOY,left_only
212,3,510,LAWLESS VISION,left_only
213,3,516,LEGEND JEDI,left_only
214,3,528,LOLITA WORLD,left_only
215,3,533,LOST BIRD,left_only
216,3,537,LOVER TRUMAN,left_only
217,3,538,LOVERBOY ATTACKS,left_only
218,3,540,LUCKY FLYING,left_only
219,3,550,MAGUIRE APACHE,left_only
220,3,553,MAKER GABLES,left_only
221,3,564,MASSAGE IMAGE,left_only
222,3,576,MIGHTY LUCK,left_only
223,3,577,MILE MULAN,left_only
224,3,587,MOD SECRETARY,left_only
225,3,591,MONSOON CAUSE,left_only
226,3,592,MONSTER SPARTACUS,left_only
227,3,594,MONTEZUMA COMMAND,left_only
228,3,597,MOONWALKER FOOL,left_only
229,3,598,MOSQUITO ARMAGEDDON,left_only
230,3,600,MOTIONS DETAILS,left_only
231,3,617,NATURAL STOCK,left_only
232,3,627,NORTH TEQUILA,left_only
233,3,630,NOTTING SPEAKEASY,left_only
234,3,632,NUTS TIES,left_only
235,3,633,OCTOBER SUBMARINE,left_only
236,3,636,OLEANDER CLUE,left_only
237,3,640,OPUS ICE,left_only
238,3,667,PEACH INNOCENT,left_only
239,3,674,PET HAUNTING,left_only
240,3,682,PITTSBURGH HUNCHBACK,left_only
241,3,692,POTLUCK MIXED,left_only
242,3,700,PRIX UNDEFEATED,left_only
243,3,714,RANDOM GO,left_only
244,3,726,RESERVOIR ADAPTATION,left_only
245,3,731,RIGHT CRANES,left_only
246,3,740,ROLLERCOASTER BRINGING,left_only
247,3,750,RUN PACIFIC,left_only
248,3,752,RUNNER MADIGAN,left_only
249,3,756,SADDLE ANTITRUST,left_only
250,3,758,SAINTS BRIDE,left_only
251,3,761,SANTA PARIS,left_only
252,3,766,SAVANNAH TOWN,left_only
253,3,770,SCISSORHANDS SLUMS,left_only
254,3,780,SENSIBILITY REAR,left_only
255,3,787,SHINING ROSES,left_only
256,3,798,SILVERADO GOLDFINGER,left_only
257,3,811,SMILE EARRING,left_only
258,3,813,SMOOCHY CONTROL,left_only
259,3,815,SNATCHERS MONTEZUMA,left_only
260,3,825,SPEAKEASY DATE,left_only
261,3,831,SPIRITED CASUALTIES,left_only
262,3,834,SPOILERS HELLFIGHTERS,left_only
263,3,836,SQUAD FISH,left_only
264,3,837,STAGE WORLD,left_only
265,3,842,STATE WASTELAND,left_only
266,3,848,STONE FIRE,left_only
267,3,853,STRANGER STRANGERS,left_only
268,3,855,STREAK RIDGEMONT,left_only
269,3,868,SUPERFLY TRIP,left_only
270,3,872,SWEET BROTHERHOOD,left_only
271,3,884,TERMINATOR CLUB,left_only
272,3,886,THEORY MERMAID,left_only
273,3,889,TIES HUNGER,left_only
274,3,899,TOWERS HURRICANE,left_only
275,3,905,TRAINSPOTTING STRANGERS,left_only
276,3,923,UNFAITHFUL KILL,left_only
277,3,928,UPTOWN YOUNG,left_only
278,3,931,VALENTINE VANISHING,left_only
279,3,933,VAMPIRE WHALE,left_only
280,3,934,VANILLA DAY,left_only
281,3,940,VICTORY ACADEMY,left_only
282,3,952,WAGON JAWS,left_only
283,3,956,WANDA CHAMBER,left_only
284,3,960,WARS PLUTO,left_only
285,3,968,WEREWOLF LOLA,left_only
286,3,978,WISDOM WORKER,left_only
287,3,983,WON DARES,left_only
288,3,994,WYOMING STORM,left_only
289,4,3,ADAPTATION HOLES,left_only
290,4,8,AIRPORT POLLOCK,left_only
291,4,16,ALLEY EVOLUTION,left_only
292,4,24,ANALYZE HOOSIERS,left_only
293,4,27,ANONYMOUS HUMAN,left_only
294,4,34,ARABIA DOGMA,left_only
295,4,40,ARMY FLINTSTONES,left_only
296,4,42,ARTIST COLDBLOODED,left_only
297,4,48,BACKLASH UNDEFEATED,left_only
298,4,50,BAKED CLEOPATRA,left_only
299,4,58,BEACH HEARTBREAKERS,left_only
300,4,63,BEDAZZLED MARRIED,left_only
301,4,65,BEHAVIOR RUNAWAY,left_only
302,4,68,BETRAYED REAR,left_only
303,4,70,BIKINI BORROWERS,left_only
304,4,71,BILKO ANONYMOUS,left_only
305,4,81,BLINDNESS GUN,left_only
306,4,84,BOILED DARES,left_only
307,4,85,BONNIE HOLOCAUST,left_only
308,4,88,BORN SPINAL,left_only
309,4,92,BOWFINGER GABLES,left_only
310,4,105,BULL SHAWSHANK,left_only
311,4,110,CABIN FLASH,left_only
312,4,111,CADDYSHACK JEDI,left_only
313,4,113,CALIFORNIA BIRDS,left_only
314,4,137,CHARADE DUFFEL,left_only
315,4,152,CIRCUS YOUTH,left_only
316,4,153,CITIZEN SHREK,left_only
317,4,155,CLEOPATRA DEVIL,left_only
318,4,169,COMFORTS RUSH,left_only
319,4,179,CONQUERER NUTS,left_only
320,4,186,CRAFT OUTFIELD,left_only
321,4,189,CREATURES SHAKESPEARE,left_only
322,4,190,CREEPERS KANE,left_only
323,4,194,CROW GREASE,left_only
324,4,203,DAISY MENAGERIE,left_only
325,4,207,DANGEROUS UPTOWN,left_only
326,4,209,DARKNESS WAR,left_only
327,4,213,DATE SPEED,left_only
328,4,214,DAUGHTER MADIGAN,left_only
329,4,216,DAY UNFAITHFUL,left_only
330,4,227,DETAILS PACKER,left_only
331,4,241,DONNIE ALLEY,left_only
332,4,243,DOORS PRESIDENT,left_only
333,4,250,DRAGON SQUAD,left_only
334,4,251,DRAGONFLY STRANGERS,left_only
335,4,254,DRIVER ANNIE,left_only
336,4,258,DRUMS DYNAMITE,left_only
337,4,260,DUDE BLINDNESS,left_only
338,4,265,DYING MAKER,left_only
339,4,272,EDGE KISSING,left_only
340,4,276,ELEMENT FREDDY,left_only
341,4,286,ENOUGH RAGING,left_only
342,4,287,ENTRAPMENT SATISFACTION,left_only
343,4,291,EVOLUTION ALTER,left_only
344,4,296,EXPRESS LONELY,left_only
345,4,299,FACTORY DRAGON,left_only
346,4,308,FERRIS MOTHER,left_only
347,4,321,FLASH WARS,left_only
348,4,323,FLIGHT LIES,left_only
349,4,328,FOREVER CANDIDATE,left_only
350,4,333,FREAKY POCUS,left_only
351,4,342,FUGITIVE MAGUIRE,left_only
352,4,345,GABLES METROPOLIS,left_only
353,4,347,GAMES BOWFINGER,left_only
354,4,348,GANDHI KWAI,left_only
355,4,352,GATHERING CALENDAR,left_only
356,4,354,GHOST GROUNDHOG,left_only
357,4,357,GILBERT PELICAN,left_only
358,4,360,GLASS DYING,left_only
359,4,365,GOLD RIVER,left_only
360,4,370,GORGEOUS BINGO,left_only
361,4,379,GREEDY ROOTS,left_only
362,4,385,GROUNDHOG UNCUT,left_only
363,4,388,GUNFIGHT MOON,left_only
364,4,389,GUNFIGHTER MUSSOLINI,left_only
365,4,394,HAMLET WISDOM,left_only
366,4,396,HANGING DEEP,left_only
367,4,398,HANOVER GALAXY,left_only
368,4,420,HOLES BRANNIGAN,left_only
369,4,421,HOLIDAY GAMES,left_only
370,4,423,HOLLYWOOD ANONYMOUS,left_only
371,4,427,HOMEWARD CIDER,left_only
372,4,430,HOOK CHARIOTS,left_only
373,4,446,HYSTERICAL GRAIL,left_only
374,4,449,IDENTITY LOVER,left_only
375,4,451,IGBY MAKER,left_only
376,4,452,ILLUSION AMELIE,left_only
377,4,455,IMPOSSIBLE PREJUDICE,left_only
378,4,474,JADE BUNCH,left_only
379,4,480,JEEPERS WEDDING,left_only
380,4,496,KICK SAVANNAH,left_only
381,4,505,LABYRINTH LEAGUE,left_only
382,4,519,LIBERTY MAGNIFICENT,left_only
383,4,526,LOCK REAR,left_only
384,4,529,LONELY ELEPHANT,left_only
385,4,532,LOSER HUSTLER,left_only
386,4,535,LOVE SUICIDES,left_only
387,4,536,LOVELY JINGLE,left_only
388,4,542,LUST LOCK,left_only
389,4,544,MADISON TRAP,left_only
390,4,546,MADRE GABLES,left_only
391,4,549,MAGNOLIA FORRESTER,left_only
392,4,552,MAJESTIC FLOATS,left_only
393,4,561,MASK PEACH,left_only
394,4,567,MEET CHOCOLATE,left_only
395,4,568,MEMENTO ZOOLANDER,left_only
396,4,573,MICROCOSMOS PARADISE,left_only
397,4,574,MIDNIGHT WESTWARD,left_only
398,4,585,MOB DUFFEL,left_only
399,4,588,MODEL FISH,left_only
400,4,589,MODERN DORADO,left_only
401,4,593,MONTEREY LABYRINTH,left_only
402,4,615,NASH CHOCOLAT,left_only
403,4,618,NECKLACE OUTBREAK,left_only
404,4,626,NOON PAPI,left_only
405,4,629,NOTORIOUS REUNION,left_only
406,4,634,ODDS BOOGIE,left_only
407,4,652,PAJAMA JAWBREAKER,left_only
408,4,654,PANKY SUBMARINE,left_only
409,4,658,PARIS WEEKEND,left_only
410,4,660,PARTY KNOCK,left_only
411,4,661,PAST SUICIDES,left_only
412,4,662,PATHS CONTROL,left_only
413,4,673,PERSONAL LADYBUGS,left_only
414,4,678,PICKUP DRIVING,left_only
415,4,679,PILOT HOOSIERS,left_only
416,4,686,PLUTO OLEANDER,left_only
417,4,688,POLISH BROOKLYN,left_only
418,4,696,PRIDE ALAMO,left_only
419,4,704,PURE RUNNER,left_only
420,4,705,PURPLE MOVIE,left_only
421,4,708,QUILLS BULL,left_only
422,4,711,RAGING AIRPLANE,left_only
423,4,717,REAR TRADING,left_only
424,4,722,REEF SALUTE,left_only
425,4,729,RIDER CADDYSHACK,left_only
426,4,732,RINGS HEARTBREAKERS,left_only
427,4,736,ROBBERY BRIGHT,left_only
428,4,749,RULES HUMAN,left_only
429,4,762,SASSY PACKER,left_only
430,4,765,SATURN NAME,left_only
431,4,774,SEARCHERS WAIT,left_only
432,4,775,SEATTLE EXPECATIONS,left_only
433,4,783,SHANE DARKNESS,left_only
434,4,788,SHIP WONDERLAND,left_only
435,4,793,SHRUNK DIVINE,left_only
436,4,794,SIDE ARK,left_only
437,4,795,SIEGE MADRE,left_only
438,4,805,SLEEPLESS MONSOON,left_only
439,4,806,SLEEPY JAPANESE,left_only
440,4,809,SLIPPER FIDELITY,left_only
441,4,820,SONS INTERVIEW,left_only
442,4,821,SORORITY QUEEN,left_only
443,4,824,SPARTACUS CHEAPER,left_only
444,4,828,SPIKING ELEMENT,left_only
445,4,830,SPIRIT FLINTSTONES,left_only
446,4,832,SPLASH GUMP,left_only
447,4,840,STAMPEDE DISTURBING,left_only
448,4,844,STEERS ARMAGEDDON,left_only
449,4,847,STOCK GLASS,left_only
450,4,854,STRANGERS GRAFFITI,left_only
451,4,858,SUBMARINE BED,left_only
452,4,861,SUIT WALLS,left_only
453,4,862,SUMMER SCARFACE,left_only
454,4,867,SUPER WYOMING,left_only
455,4,871,SWEDEN SHINING,left_only
456,4,878,TEEN APOLLO,left_only
457,4,881,TEMPLE ATTRACTION,left_only
458,4,882,TENENBAUMS COMMAND,left_only
459,4,888,THIN SAGEBRUSH,left_only
460,4,896,TOOTSIE PILOT,left_only
461,4,900,TOWN ARK,left_only
462,4,907,TRANSLATION SUMMER,left_only
463,4,908,TRAP GUYS,left_only
464,4,916,TURN STAR,left_only
465,4,917,TUXEDO MILE,left_only
466,4,918,TWISTED PIRATES,left_only
467,4,919,TYCOON GATHERING,left_only
468,4,921,UNCUT SUICIDES,left_only
469,4,927,UPRISING UPTOWN,left_only
470,4,929,USUAL UNTOUCHABLES,left_only
471,4,932,VALLEY PACKER,left_only
472,4,937,VARSITY TRIP,left_only
473,4,939,VERTIGO NORTHWEST,left_only
474,4,942,VIETNAM SMOOCHY,left_only
475,4,946,VIRTUAL SPOILERS,left_only
476,4,962,WASTELAND DIVINE,left_only
477,4,969,WEST LION,left_only
478,4,971,WHALE BIKINI,left_only
479,4,987,WORDS HUNTER,left_only
480,4,992,WRATH MILE,left_only
481,5,7,AIRPLANE SIERRA,left_only
482,5,9,ALABAMA DEVIL,left_only
483,5,17,ALONE TRIP,left_only
484,5,19,AMADEUS HOLY,left_only
485,5,21,AMERICAN CIRCUS,left_only
486,5,23,ANACONDA CONFESSIONS,left_only
487,5,26,ANNIE IDENTITY,left_only
488,5,44,ATTACKS HATE,left_only
489,5,54,BANGER PINOCCHIO,left_only
490,5,56,BAREFOOT MANCHURIAN,left_only
491,5,59,BEAR GRACELAND,left_only
492,5,67,BERETS AGENT,left_only
493,5,74,BIRCH ANTITRUST,left_only
494,5,79,BLADE POLISH,left_only
495,5,83,BLUES INSTINCT,left_only
496,5,90,BOULEVARD MOB,left_only
497,5,95,BREAKFAST GOLDFINGER,left_only
498,5,116,CANDIDATE PERDITION,left_only
499,5,118,CANYON STOCK,left_only
500,5,123,CASABLANCA SUPER,left_only
501,5,131,CENTER DINOSAUR,left_only
502,5,138,CHARIOTS CONSPIRACY,left_only
503,5,139,CHASING FIGHT,left_only
504,5,140,CHEAPER CLYDE,left_only
505,5,141,CHICAGO NORTH,left_only
506,5,142,CHICKEN HELLFIGHTERS,left_only
507,5,158,CLONES PINOCCHIO,left_only
508,5,164,COAST RAINBOW,left_only
509,5,165,COLDBLOODED DARLING,left_only
510,5,173,CONFESSIONS MAGUIRE,left_only
511,5,175,CONFUSED CANDLES,left_only
512,5,183,CONVERSATION DOWNHILL,left_only
513,5,184,CORE SUIT,left_only
514,5,191,CROOKED FROGMEN,left_only
515,5,212,DARN FORRESTER,left_only
516,5,226,DESTINY SATURDAY,left_only
517,5,232,DIRTY ACE,left_only
518,5,233,DISCIPLE MOTHER,left_only
519,5,242,DOOM DANCING,left_only
520,5,253,DRIFTER COMMANDMENTS,left_only
521,5,267,EAGLES PANKY,left_only
522,5,271,EASY GLADIATOR,left_only
523,5,275,EGYPT TENENBAUMS,left_only
524,5,281,ENCINO ELF,left_only
525,5,293,EXORCIST STING,left_only
526,5,294,EXPECATIONS NATURAL,left_only
527,5,298,EYES DRIVING,left_only
528,5,300,FALCON VOLUME,left_only
529,5,314,FIGHT JAWBREAKER,left_only
530,5,324,FLINTSTONES HAPPINESS,left_only
531,5,326,FLYING HOOK,left_only
532,5,336,FRENCH HOLIDAY,left_only
533,5,344,FURY MURDER,left_only
534,5,373,GRADUATE LORD,left_only
535,5,380,GREEK EVERYONE,left_only
536,5,381,GRINCH MASSAGE,left_only
537,5,383,GROOVE FICTION,left_only
538,5,391,HALF OUTFIELD,left_only
539,5,410,HEAVEN FREEDOM,left_only
540,5,424,HOLOCAUST HIGHBALL,left_only
541,5,432,HOPE TOOTSIE,left_only
542,5,438,HUMAN GRAFFITI,left_only
543,5,439,HUNCHBACK IMPOSSIBLE,left_only
544,5,445,HYDE DOCTOR,left_only
545,5,448,IDAHO LOVE,left_only
546,5,453,IMAGE PRINCESS,left_only
547,5,461,INSECTS STONE,left_only
548,5,463,INSTINCT AIRPORT,left_only
549,5,464,INTENTIONS EMPIRE,left_only
550,5,465,INTERVIEW LIAISONS,left_only
551,5,473,JACKET FRISCO,left_only
552,5,478,JAWS HARRY,left_only
553,5,479,JEDI BENEATH,left_only
554,5,483,JERICHO MULAN,left_only
555,5,488,JOON NORTHWEST,left_only
556,5,501,KISSING DOLLS,left_only
557,5,506,LADY STAGE,left_only
558,5,511,LAWRENCE LOVE,left_only
559,5,534,LOUISIANA HARRY,left_only
560,5,557,MANCHURIAN CURTAIN,left_only
561,5,560,MARS ROMAN,left_only
562,5,570,MERMAID INSECTS,left_only
563,5,578,MILLION ACE,left_only
564,5,583,MISSION ZOOLANDER,left_only
565,5,599,MOTHER OLEANDER,left_only
566,5,601,MOULIN WAKE,left_only
567,5,602,MOURNING PURPLE,left_only
568,5,603,MOVIE SHAKESPEARE,left_only
569,5,606,MUMMY CREATURES,left_only
570,5,610,MUSIC BOONDOCK,left_only
571,5,614,NAME DETECTIVE,left_only
572,5,620,NEMO CAMPUS,left_only
573,5,623,NEWTON LABYRINTH,left_only
574,5,628,NORTHWEST POLISH,left_only
575,5,631,NOVOCAINE FLIGHT,left_only
576,5,637,OPEN AFRICAN,left_only
577,5,646,OUTBREAK DIVINE,left_only
578,5,647,OUTFIELD MASSACRE,left_only
579,5,648,OUTLAW HANKY,left_only
580,5,663,PATIENT SISTER,left_only
581,5,664,PATRIOT ROMAN,left_only
582,5,666,PAYCHECK WAIT,left_only
583,5,668,PEAK FOREVER,left_only
584,5,676,PHILADELPHIA WIFE,left_only
585,5,681,PIRATES ROXANNE,left_only
586,5,689,POLLOCK DELIVERANCE,left_only
587,5,691,POSEIDON FOREVER,left_only
588,5,693,POTTER CONNECTICUT,left_only
589,5,706,QUEEN LUKE,left_only
590,5,716,REAP UNFAITHFUL,left_only
591,5,727,RESURRECTION SILVERADO,left_only
592,5,728,REUNION WITCHES,left_only
593,5,739,ROCKY WAR,left_only
594,5,744,ROOTS REMEMBER,left_only
595,5,746,ROUGE SQUAD,left_only
596,5,747,ROXANNE REBEL,left_only
597,5,757,SAGEBRUSH CLUELESS,left_only
598,5,763,SATISFACTION CONFIDENTIAL,left_only
599,5,768,SCARFACE BANG,left_only
600,5,776,SECRET GROUNDHOG,left_only
601,5,785,SHAWSHANK BUBBLE,left_only
602,5,796,SIERRA DIVIDE,left_only
603,5,797,SILENCE KANE,left_only
604,5,807,SLEUTH ORIENT,left_only
605,5,812,SMOKING BARBARELLA,left_only
606,5,818,SOMETHING DUCK,left_only
607,5,829,SPINAL ROCKY,left_only
608,5,864,SUNDANCE INVASION,left_only
609,5,877,TAXI KICK,left_only
610,5,892,TITANIC BOONDOCK,left_only
611,5,894,TOMATOES HELLFIGHTERS,left_only
612,5,898,TOURIST PELICAN,left_only
613,5,906,TRAMP OTHERS,left_only
614,5,912,TROJAN TOMORROW,left_only
615,5,914,TROUBLE DATE,left_only
616,5,920,UNBREAKABLE KARATE,left_only
617,5,924,UNFORGIVEN ZOOLANDER,left_only
618,5,925,UNITED PILOT,left_only
619,5,936,VANISHING ROCKY,left_only
620,5,944,VIRGIN DAISY,left_only
621,5,949,VOLCANO TEXAS,left_only
622,5,957,WAR NOTTING,left_only
623,5,961,WASH HEAVENLY,left_only
624,5,963,WATCH TRACY,left_only
625,5,964,WATERFRONT DELIVERANCE,left_only
626,5,966,WEDDING APOLLO,left_only
627,5,967,WEEKEND PERSONAL,left_only
628,5,975,WILLOW TRACY,left_only
629,5,980,WIZARD COLDBLOODED,left_only
630,5,988,WORKER TARZAN,left_only
631,5,991,WORST BANGER,left_only
632,5,999,ZOOLANDER FICTION,left_only
633,6,4,AFFAIR PREJUDICE,left_only
634,6,6,AGENT TRUMAN,left_only
635,6,15,ALIEN CENTER,left_only
636,6,18,ALTER VICTORY,left_only
637,6,22,AMISTAD MIDSUMMER,left_only
638,6,25,ANGELS LIFE,left_only
639,6,39,ARMAGEDDON LOST,left_only
640,6,45,ATTRACTION NEWTON,left_only
641,6,49,BADMAN DAWN,left_only
642,6,51,BALLOON HOMEWARD,left_only
643,6,55,BARBARELLA STREETCAR,left_only
644,6,57,BASIC EASY,left_only
645,6,61,BEAUTY GREASE,left_only
646,6,72,BILL OTHERS,left_only
647,6,77,BIRDS PERDITION,left_only
648,6,89,BORROWERS BEDAZZLED,left_only
649,6,97,BRIDE INTRIGUE,left_only
650,6,99,BRINGING HYSTERICAL,left_only
651,6,100,BROOKLYN DESERT,left_only
652,6,101,BROTHERHOOD BLANKET,left_only
653,6,114,CAMELOT VACATION,left_only
654,6,117,CANDLES GRAPES,left_only
655,6,121,CAROL TEXAS,left_only
656,6,129,CAUSE DATE,left_only
657,6,130,CELEBRITY HORN,left_only
658,6,132,CHAINSAW UPTOWN,left_only
659,6,147,CHOCOLAT HARRY,left_only
660,6,149,CHRISTMAS MOONSHINE,left_only
661,6,150,CIDER DESIRE,left_only
662,6,166,COLOR PHILADELPHIA,left_only
663,6,170,COMMAND DARLING,left_only
664,6,176,CONGENIALITY QUEST,left_only
665,6,204,DALMATIONS SWEDEN,left_only
666,6,215,DAWN POND,left_only
667,6,222,DESERT POSEIDON,left_only
668,6,228,DETECTIVE VISION,left_only
669,6,235,DIVIDE MONSTER,left_only
670,6,249,DRACULA CRYSTAL,left_only
671,6,252,DREAM PICKUP,left_only
672,6,255,DRIVING POLISH,left_only
673,6,269,EARRING INSTINCT,left_only
674,6,270,EARTH VISION,left_only
675,6,273,EFFECT GLADIATOR,left_only
676,6,280,EMPIRE MALKOVICH,left_only
677,6,282,ENCOUNTERS CURTAIN,left_only
678,6,288,ESCAPE METROPOLIS,left_only
679,6,292,EXCITEMENT EVE,left_only
680,6,301,FAMILY SWEET,left_only
681,6,302,FANTASIA PARK,left_only
682,6,303,FANTASY TROOPERS,left_only
683,6,304,FARGO GANDHI,left_only
684,6,307,FELLOWSHIP AUTUMN,left_only
685,6,309,FEUD FROGMEN,left_only
686,6,313,FIDELITY DEVIL,left_only
687,6,322,FLATLINERS KILLER,left_only
688,6,327,FOOL MOCKINGBIRD,left_only
689,6,329,FORREST SONS,left_only
690,6,330,FORRESTER COMANCHEROS,left_only
691,6,334,FREDDY STORM,left_only
692,6,346,GALAXY SWEETHEARTS,left_only
693,6,351,GASLIGHT CRUSADE,left_only
694,6,353,GENTLEMEN STAGE,left_only
695,6,363,GO PURPLE,left_only
696,6,376,GRAPES FURY,left_only
697,6,377,GREASE YOUTH,left_only
698,6,387,GUN BONNIE,left_only
699,6,392,HALL CASSIDY,left_only
700,6,395,HANDICAP BOONDOCK,left_only
701,6,402,HARPER DYING,left_only
702,6,406,HAUNTING PIANIST,left_only
703,6,414,HELLFIGHTERS SIERRA,left_only
704,6,415,HIGH ENCINO,left_only
705,6,416,HIGHBALL POTTER,left_only
706,6,417,HILLS NEIGHBORS,left_only
707,6,428,HOMICIDE PEACH,left_only
708,6,429,HONEY TIES,left_only
709,6,433,HORN WORKING,left_only
710,6,436,HOURS RAGE,left_only
711,6,437,HOUSE DYNAMITE,left_only
712,6,456,INCH JET,left_only
713,6,457,INDEPENDENCE HOTEL,left_only
714,6,458,INDIAN LOVE,left_only
715,6,467,INTRIGUE WORST,left_only
716,6,476,JASON TRAP,left_only
717,6,481,JEKYLL FROGMEN,left_only
718,6,486,JET NEIGHBORS,left_only
719,6,491,JUMPING WRATH,left_only
720,6,494,KARATE MOON,left_only
721,6,504,KWAI HOMEWARD,left_only
722,6,512,LEAGUE HELLFIGHTERS,left_only
723,6,514,LEBOWSKI SOLDIERS,left_only
724,6,518,LIAISONS SWEET,left_only
725,6,524,LION UNCUT,left_only
726,6,527,LOLA AGENT,left_only
727,6,545,MADNESS ATTACKS,left_only
728,6,551,MAIDEN HOME,left_only
729,6,562,MASKED BUBBLE,left_only
730,6,571,METAL ARMAGEDDON,left_only
731,6,575,MIDSUMMER GROUNDHOG,left_only
732,6,580,MINE TITANS,left_only
733,6,596,MOONSHINE CABIN,left_only
734,6,608,MURDER ANTITRUST,left_only
735,6,611,MUSKETEERS WAIT,left_only
736,6,616,NATIONAL STORY,left_only
737,6,619,NEIGHBORS CHARADE,left_only
738,6,625,NONE SPIKING,left_only
739,6,643,ORIENT CLOSER,left_only
740,6,645,OTHERS SOUP,left_only
741,6,649,OZ LIAISONS,left_only
742,6,650,PACIFIC AMISTAD,left_only
743,6,651,PACKER MADIGAN,left_only
744,6,655,PANTHER REDS,left_only
745,6,657,PARADISE SABRINA,left_only
746,6,672,PERFECT GROOVE,left_only
747,6,677,PIANIST OUTFIELD,left_only
748,6,680,PINOCCHIO SIMON,left_only
749,6,690,POND SEATTLE,left_only
750,6,694,PREJUDICE OLEANDER,left_only
751,6,698,PRINCESS GIANT,left_only
752,6,707,QUEST MUSSOLINI,left_only
753,6,709,RACER EGG,left_only
754,6,710,RAGE GAMES,left_only
755,6,724,REMEMBER DIARY,left_only
756,6,725,REQUIEM TYCOON,left_only
757,6,733,RIVER OUTLAW,left_only
758,6,734,ROAD ROXANNE,left_only
759,6,737,ROCK INSTINCT,left_only
760,6,741,ROMAN PUNK,left_only
761,6,743,ROOM ROMAN,left_only
762,6,759,SALUTE APOLLO,left_only
763,6,772,SEA VIRGIN,left_only
764,6,777,SECRETARY ROUGE,left_only
765,6,778,SECRETS PARADISE,left_only
766,6,782,SHAKESPEARE SADDLE,left_only
767,6,784,SHANGHAI TYCOON,left_only
768,6,789,SHOCK CABIN,left_only
769,6,791,SHOW LORD,left_only
770,6,800,SINNERS ATLANTIS,left_only
771,6,803,SLACKER LIAISONS,left_only
772,6,804,SLEEPING SUSPECTS,left_only
773,6,823,SOUTH WAIT,left_only
774,6,827,SPICE SORORITY,left_only
775,6,838,STAGECOACH ARMAGEDDON,left_only
776,6,841,STAR OPERATION,left_only
777,6,851,STRAIGHT HOURS,left_only
778,6,859,SUGAR WONKA,left_only
779,6,865,SUNRISE LEAGUE,left_only
780,6,869,SUSPECTS QUILLS,left_only
781,6,887,THIEF PELICAN,left_only
782,6,902,TRADING PINOCCHIO,left_only
783,6,913,TROOPERS METAL,left_only
784,6,915,TRUMAN CRAZY,left_only
785,6,930,VACATION BOONDOCK,left_only
786,6,938,VELVET TERMINATOR,left_only
787,6,948,VOICE PEACH,left_only
788,6,953,WAIT CIDER,left_only
789,6,958,WARDROBE PHANTOM,left_only
790,6,972,WHISPERER GIANT,left_only
791,6,976,WIND PHANTOM,left_only
792,6,981,WOLVES DESIRE,left_only
793,6,982,WOMEN DORADO,left_only
794,6,986,WONKA SEA,left_only
795,6,989,WORKING MICROCOSMOS,left_only
796,6,995,YENTL IDAHO,left_only
797,7,1,ACADEMY DINOSAUR,left_only
798,7,10,ALADDIN CALENDAR,left_only
799,7,11,ALAMO VIDEOTAPE,left_only
800,7,12,ALASKA PHANTOM,left_only
801,7,35,ARACHNOPHOBIA ROLLERCOASTER,left_only
802,7,37,ARIZONA BANG,left_only
803,7,43,ATLANTIS CAUSE,left_only
804,7,78,BLACKOUT PRIVATE,left_only
805,7,86,BOOGIE AMELIE,left_only
806,7,91,BOUND CHEAPER,left_only
807,7,112,CALENDAR GUNFIGHT,left_only
808,7,115,CAMPUS REMEMBER,left_only
809,7,119,CAPER MOTIONS,left_only
810,7,122,CARRIE BUNCH,left_only
811,7,127,CAT CONEHEADS,left_only
812,7,135,CHANCE RESURRECTION,left_only
813,7,143,CHILL LUCK,left_only
814,7,154,CLASH FREDDY,left_only
815,7,159,CLOSER BANG,left_only
816,7,162,CLUELESS BUCKET,left_only
817,7,167,COMA HEAD,left_only
818,7,172,CONEHEADS SMOOCHY,left_only
819,7,181,CONTACT ANONYMOUS,left_only
820,7,200,CURTAIN VIDEOTAPE,left_only
821,7,218,DECEIVER BETRAYED,left_only
822,7,220,DEER VIRGINIAN,left_only
823,7,234,DISTURBING SCARFACE,left_only
824,7,244,DORADO NOTTING,left_only
825,7,245,DOUBLE WRATH,left_only
826,7,247,DOWNHILL ENOUGH,left_only
827,7,263,DURHAM PANKY,left_only
828,7,274,EGG IGBY,left_only
829,7,284,ENEMY ODDS,left_only
830,7,285,ENGLISH BULWORTH,left_only
831,7,305,FATAL HAUNTED,left_only
832,7,311,FICTION CHRISTMAS,left_only
833,7,317,FIREBALL PHILADELPHIA,left_only
834,7,319,FISH OPUS,left_only
835,7,320,FLAMINGOS CONNECTICUT,left_only
836,7,341,FROST HEAD,left_only
837,7,349,GANGS PRIDE,left_only
838,7,361,GLEAMING JAWBREAKER,left_only
839,7,366,GOLDFINGER SENSIBILITY,left_only
840,7,367,GOLDMINE TYCOON,left_only
841,7,374,GRAFFITI LOVE,left_only
842,7,397,HANKY OCTOBER,left_only
843,7,403,HARRY IDAHO,left_only
844,7,408,HEAD STRANGER,left_only
845,7,409,HEARTBREAKERS BRIGHT,left_only
846,7,443,HURRICANE AFFAIR,left_only
847,7,447,ICE CROSSING,left_only
848,7,450,IDOLS SNATCHERS,left_only
849,7,471,ISLAND EXORCIST,left_only
850,7,484,JERK PAYCHECK,left_only
851,7,489,JUGGLER HARDLY,left_only
852,7,502,KNOCK WARLOCK,left_only
853,7,521,LIES TREATMENT,left_only
854,7,525,LOATHING LEGALLY,left_only
855,7,554,MALKOVICH PET,left_only
856,7,555,MALLRATS UNITED,left_only
857,7,556,MALTESE HOPE,left_only
858,7,563,MASSACRE USUAL,left_only
859,7,579,MINDS TRUMAN,left_only
860,7,586,MOCKINGBIRD HOLLYWOOD,left_only
861,7,590,MONEY HAROLD,left_only
862,7,624,NIGHTMARE CHILL,left_only
863,7,638,OPERATION OPERATION,left_only
864,7,641,ORANGE GRAPES,left_only
865,7,644,OSCAR GOLD,left_only
866,7,665,PATTON INTERVIEW,left_only
867,7,670,PELICAN COMFORTS,left_only
868,7,687,POCUS PULP,left_only
869,7,702,PULP BEVERLY,left_only
870,7,715,RANGE MOONWALKER,left_only
871,7,720,REDEMPTION COMFORTS,left_only
872,7,723,REIGN GENTLEMEN,left_only
873,7,730,RIDGEMONT SUBMARINE,left_only
874,7,735,ROBBERS JOON,left_only
875,7,755,SABRINA MIDNIGHT,left_only
876,7,760,SAMURAI LION,left_only
877,7,771,SCORPION APOLLO,left_only
878,7,773,SEABISCUIT PUNK,left_only
879,7,786,SHEPHERD MIDSUMMER,left_only
880,7,790,SHOOTIST SUPERFLY,left_only
881,7,810,SLUMS DUCK,left_only
882,7,814,SNATCH SLIPPER,left_only
883,7,816,SNOWMAN ROLLERCOASTER,left_only
884,7,833,SPLENDOR PATTON,left_only
885,7,843,STEEL SANTA,left_only
886,7,845,STEPMOM DREAM,left_only
887,7,850,STORY SIDE,left_only
888,7,852,STRANGELOVE DESIRE,left_only
889,7,857,STRICTLY SCARFACE,left_only
890,7,863,SUN CONFESSIONS,left_only
891,7,870,SWARM GOLD,left_only
892,7,873,SWEETHEARTS SUSPECTS,left_only
893,7,875,TALENTED HOMICIDE,left_only
894,7,879,TELEGRAPH VOYAGE,left_only
895,7,890,TIGHTS DAWN,left_only
896,7,891,TIMBERLAND SKY,left_only
897,7,893,TITANS JERK,left_only
898,7,895,TOMORROW HUSTLER,left_only
899,7,897,TORQUE BOUND,left_only
900,7,901,TRACY CIDER,left_only
901,7,922,UNDEFEATED DALMATIONS,left_only
902,7,941,VIDEOTAPE ARSENIC,left_only
903,7,945,VIRGINIAN PLUTO,left_only
904,7,951,VOYAGE LEGALLY,left_only
905,7,970,WESTWARD SEABISCUIT,left_only
906,7,979,WITCHES PANIC,left_only
907,7,985,WONDERLAND CHRISTMAS,left_only
908,7,993,WRONG BEHAVIOR,left_only
909,8,31,APACHE DIVINE,left_only
910,8,69,BEVERLY OUTLAW,left_only
911,8,73,BINGO TALENTED,left_only
912,8,103,BUCKET BROTHERHOOD,left_only
913,8,109,BUTTERFLY CHOCOLAT,left_only
914,8,174,CONFIDENTIAL INTERVIEW,left_only
915,8,193,CROSSROADS CASUALTIES,left_only
916,8,199,CUPBOARD SINNERS,left_only
917,8,206,DANCING FEVER,left_only
918,8,231,DINOSAUR SECRETARY,left_only
919,8,239,DOGMA FAMILY,left_only
920,8,266,DYNAMITE TARZAN,left_only
921,8,295,EXPENDABLE STALLION,left_only
922,8,331,FORWARD TEMPLE,left_only
923,8,350,GARDEN ISLAND,left_only
924,8,356,GIANT TROOPERS,left_only
925,8,358,GILMORE BOILED,left_only
926,8,369,GOODFELLAS SALUTE,left_only
927,8,378,GREATEST NORTH,left_only
928,8,382,GRIT CLOCKWORK,left_only
929,8,412,HEAVYWEIGHTS BEAST,left_only
930,8,418,HOBBIT ALIEN,left_only
931,8,434,HORROR REIGN,left_only
932,8,444,HUSTLER PARTY,left_only
933,8,460,INNOCENT USUAL,left_only
934,8,468,INVASION CYCLONE,left_only
935,8,500,KISS GLORY,left_only
936,8,531,LOSE INCH,left_only
937,8,559,MARRIED GO,left_only
938,8,572,METROPOLIS COMA,left_only
939,8,595,MOON BUNCH,left_only
940,8,609,MUSCLE BRIGHT,left_only
941,8,621,NETWORK PEAK,left_only
942,8,683,PITY BOUND,left_only
943,8,697,PRIMARY GLASS,left_only
944,8,738,ROCKETEER MOTHER,left_only
945,8,745,ROSES TREASURE,left_only
946,8,748,RUGRATS SHAKESPEARE,left_only
947,8,753,RUSH GOODFELLAS,left_only
948,8,764,SATURDAY LAMBS,left_only
949,8,767,SCALAWAG DUCK,left_only
950,8,835,SPY MILE,left_only
951,8,846,STING PERSONAL,left_only
952,8,849,STORM HAPPINESS,left_only
953,8,856,STREETCAR INTENTIONS,left_only
954,8,880,TELEMARK HEARTBREAKERS,left_only
955,8,911,TRIP NEWTON,left_only
956,8,973,WIFE TURN,left_only
957,8,1000,ZORRO ARK,left_only
